{
    "BAN_MEMBER": "Ban members",
    "CREATE_INSTANT_INVITE": "Create Invite",
    "KICK_MEMBERS": "Kick Members",
    "BAN_MEMBERS": "Ban Members",
    "ADMINISTRATOR": "Administrator",
    "MANAGE_CHANNELS": "Manage Channels",
    "MANAGE_GUILD": "Manage Server",
    "ADD_REACTIONS": "Add Reactions",
    "VIEW_AUDIT_LOG": "View Audit Log",
    "PRIORITY_SPEAKER": "Priority Speak",
    "STREAM": "Video",
    "VIEW_CHANNEL": "View Channel",
    "SEND_MESSAGES": "Send Messages",
    "SEND_TTS_MESSAGES": "Send Text-to-Speech Messages",
    "MANAGE_MESSAGES": "Manage Messages",
    "EMBED_LINKS": "Embed Links",
    "ATTACH_FILES": "Attach Files",
    "READ_MESSAGE_HISTORY": "Read Message History",
    "MENTION_EVERYONE": "Mention @everyone, @here, and All Roles",
    "USE_EXTERNAL_EMOJIS": "Use External Emoji",
    "VIEW_GUILD_INSIGHTS": "View Server Insights",
    "CONNECT": "Connect",
    "SPEAK": "Speak",
    "MUTE_MEMBERS": "Mute Members",
    "DEAFEN_MEMBERS": "Deafen Members",
    "MOVE_MEMBERS": "Move Members",
    "USE_VAD": "Use Voice Activity",
    "CHANGE_NICKNAME": "Change Nickname",
    "MANAGE_NICKNAMES": "Manage Nicknames",
    "MANAGE_ROLES": "Manage Roles",
    "MANAGE_WEBHOOKS": "Manage Webhooks",
    "MANAGE_EMOJIS": "Manage Emojis"
}